time,num,unit
2026-08-11T16:05:03.113490,231.12,度
2026-08-11T22:21:58.251594,231.12,度
2026-08-12T04:03:40.228232,220.8,度
2026-08-12T11:25:15.448606,207.22,度
2026-08-12T16:19:32.946124,207.22,度
2026-08-12T22:22:45.092881,201.0,度
2026-08-13T04:02:41.695162,201.0,度
2026-08-13T11:29:35.615185,187.46,度
2026-08-13T16:23:05.898050,187.46,度
2026-08-13T22:25:38.247136,180.62,度
2026-08-14T03:58:09.099095,180.62,度
2026-08-14T11:26:29.810202,169.16,度
2026-08-14T16:18:14.950955,169.16,度
2026-08-14T22:19:09.638930,169.16,度
2026-08-15T03:50:14.919189,163.96,度
2026-08-15T10:15:33.810777,163.96,度
2026-08-15T15:32:49.621364,154.41,度
2026-08-15T21:32:11.594150,154.41,度
2026-08-16T03:24:04.474294,145.64,度
2026-08-16T10:23:31.600697,129.99,度
2026-08-16T15:33:10.731296,129.99,度
2026-08-16T21:33:23.758725,129.99,度
2026-08-17T03:22:57.774634,115.87,度
2026-08-17T10:21:48.968024,92.18,度
2026-08-17T15:55:16.103264,92.18,度
2026-08-17T21:41:02.304659,92.18,度
2026-08-18T03:29:56.093735,74.75,度
2026-08-18T10:18:19.061331,56.68,度
2026-08-18T15:40:35.635099,56.68,度
2026-08-18T21:44:39.030903,56.68,度
2026-08-19T03:32:17.791049,44.59,度
2026-08-19T10:25:29.520700,18.28,度
2026-08-19T15:41:59.190614,200.16,度
2026-08-19T21:45:55.687908,200.16,度
2026-08-20T04:08:44.411395,369.92,度
2026-08-20T10:19:41.866218,369.92,度
2026-08-20T15:43:47.134584,341.88,度
2026-08-20T21:48:23.326299,341.88,度
2026-08-21T03:32:59.409508,337.63,度
2026-08-21T10:25:56.345756,315.07,度
2026-08-21T15:44:24.636057,315.07,度
2026-08-21T21:46:32.791842,315.07,度
2026-08-22T03:27:44.650623,301.53,度
2026-08-22T10:18:34.353145,272.83,度
2026-08-22T15:34:51.402876,272.83,度
2026-08-22T21:33:45.556375,272.83,度
2026-08-23T03:24:15.819581,261.82,度
2026-08-23T10:25:59.712937,234.4,度
2026-08-23T15:36:11.583320,234.4,度
2026-08-23T21:34:12.624588,234.4,度
2026-08-24T03:24:19.748713,218.77,度
2026-08-24T10:25:31.301123,196.02,度
2026-08-24T16:00:27.703722,196.02,度
2026-08-24T21:53:53.683100,196.02,度
2026-08-25T03:31:50.192017,180.34,度
2026-08-25T10:20:21.907665,152.61,度
2026-08-25T15:45:13.797815,152.61,度
2026-08-25T21:52:42.451617,152.61,度
2026-08-26T03:35:03.432500,141.53,度
2026-08-26T10:26:41.262634,114.74,度
2026-08-26T15:49:10.718015,114.74,度
2026-08-26T21:57:08.502545,114.74,度
2026-08-27T05:43:31.267470,97.24,度
2026-08-27T18:58:21.220664,67.77,度
2026-08-28T06:53:06.773338,59.82,度
2026-08-28T20:33:42.723467,35.47,度
2026-08-29T06:56:46.430141,24.15,度
2026-08-29T15:42:56.064799,364.47,度
2026-08-30T01:01:31.660826,357.04,度
2026-08-30T05:33:50.749769,357.04,度
2026-08-30T14:18:52.588944,330.12,度
2026-08-30T20:39:51.295548,330.12,度
2026-08-31T01:16:02.838653,318.15,度
2026-08-31T05:52:57.413090,318.15,度
2026-08-31T14:45:00.913427,292.52,度
2026-08-31T22:55:07.099925,287.08,度
2026-09-01T07:09:12.996295,287.08,度
2026-09-01T14:06:28.861151,268.88,度
2026-09-01T20:25:17.417029,268.88,度
2026-09-02T01:44:18.987914,261.62,度
2026-09-02T05:39:05.359196,261.62,度
2026-09-02T13:30:47.366166,246.46,度
2026-09-02T20:00:36.603864,246.46,度
2026-09-03T01:04:02.234999,245.79,度
2026-09-03T05:39:26.775350,245.79,度
2026-09-03T13:32:28.097322,232.36,度
2026-09-03T20:00:15.917929,232.36,度
2026-09-04T00:59:07.508111,229.13,度
2026-09-04T05:37:10.668147,229.13,度
2026-09-04T13:36:50.261350,220.54,度
2026-09-04T20:01:48.418526,220.54,度
2026-09-05T00:47:50.830229,216.92,度
2026-09-05T05:19:06.102272,216.92,度
2026-09-05T13:20:06.165756,204.04,度
2026-09-05T19:11:43.099237,204.04,度
2026-09-05T23:51:21.015574,200.55,度
2026-09-06T05:00:07.770911,200.55,度
2026-09-06T13:35:00.012888,186.37,度
2026-09-06T19:34:01.453084,186.37,度
2026-09-07T00:02:02.348968,179.93,度
2026-09-07T05:07:07.186146,179.93,度
2026-09-07T13:45:54.580083,167.75,度
2026-09-07T21:21:10.546802,167.75,度
2026-09-08T05:57:34.468464,163.07,度
2026-09-08T13:41:11.759309,143.95,度
2026-09-08T20:02:14.019159,143.95,度
2026-09-09T01:09:13.560392,138.15,度
2026-09-09T05:38:27.015660,138.15,度
2026-09-09T13:47:13.220499,122.42,度
2026-09-09T20:13:06.642867,122.42,度
2026-09-10T01:05:15.061664,116.02,度
2026-09-10T05:33:41.056507,116.02,度
2026-09-10T13:41:33.435389,105.74,度
2026-09-10T20:06:49.897250,105.74,度
2026-09-11T00:57:06.713884,99.69,度
2026-09-11T05:28:32.415283,99.69,度
2026-09-11T13:41:14.974805,91.46,度
2026-09-11T20:04:54.652844,91.46,度
2026-09-12T00:58:20.364780,87.3,度
2026-09-12T05:35:36.552865,87.3,度
2026-09-12T13:28:38.846499,78.06,度
2026-09-12T19:32:25.384500,78.06,度
2026-09-13T00:02:50.623541,75.12,度
2026-09-13T05:16:54.262012,75.12,度
2026-09-13T13:44:18.410463,65.88,度
2026-09-13T20:36:25.861314,65.88,度
2026-09-14T00:53:05.621324,58.98,度
2026-09-14T05:17:50.543546,58.98,度
2026-09-14T13:52:56.474791,42.37,度
2026-09-14T21:43:43.845272,42.37,度
2026-09-15T06:18:52.582793,40.59,度
2026-09-15T13:56:49.209190,207.41,度
2026-09-15T20:31:27.650383,207.41,度
2026-09-16T01:31:55.016374,205.77,度
2026-09-16T05:58:17.950003,205.77,度
2026-09-16T13:42:19.010926,196.48,度
2026-09-16T20:29:17.296022,196.48,度
2026-09-17T01:31:25.044246,373.75,度
2026-09-17T05:56:58.650828,373.75,度
2026-09-17T13:50:31.554089,363.22,度
2026-09-17T20:29:25.091396,363.22,度
2026-09-18T01:31:55.156990,358.41,度
2026-09-18T05:57:57.642277,358.41,度
2026-09-18T13:37:18.271373,350.78,度
2026-09-18T20:07:47.203543,350.78,度
2026-09-19T01:00:00.243865,347.39,度
2026-09-19T05:28:51.961557,347.39,度
2026-09-19T13:33:25.319757,340.64,度
2026-09-19T19:50:56.700856,340.64,度
2026-09-20T00:17:39.878336,337.62,度
2026-09-20T05:21:15.631819,337.62,度
2026-09-20T13:48:16.336639,331.03,度
2026-09-20T20:04:48.261410,331.03,度
2026-09-21T00:44:06.426598,329.41,度
2026-09-21T05:13:49.476779,329.41,度
2026-09-21T13:58:59.544253,321.81,度
2026-09-21T21:42:35.534475,321.81,度
2026-09-22T06:30:06.320356,319.86,度
2026-09-22T13:56:05.202371,304.66,度
2026-09-22T20:25:56.070773,304.66,度
2026-09-23T02:35:07.615701,299.36,度
2026-09-23T05:50:23.615967,299.36,度
2026-09-23T13:34:27.884213,284.5,度
2026-09-23T20:37:36.135648,284.5,度
2026-09-24T01:46:13.540207,278.63,度
2026-09-24T06:08:19.826132,278.63,度
2026-09-24T13:56:24.163184,267.18,度
2026-09-24T20:36:27.364126,267.18,度
2026-09-25T01:47:42.079504,261.0,度
2026-09-25T06:02:41.468983,261.0,度
2026-09-25T13:55:49.720458,249.37,度
2026-09-25T20:37:26.304267,249.37,度
2026-09-26T01:49:38.506789,242.89,度
2026-09-26T06:01:38.442065,242.89,度
2026-09-26T13:55:31.197481,228.93,度
2026-09-26T20:07:07.147067,228.93,度
2026-09-27T00:55:31.788891,222.45,度
2026-09-27T05:54:34.009454,222.45,度
2026-09-27T14:20:17.898827,209.18,度
2026-09-27T20:50:54.210971,209.18,度
2026-09-28T01:34:19.698353,205.85,度
2026-09-28T05:53:54.463255,205.85,度
2026-09-28T14:23:10.919206,193.42,度
2026-09-28T23:01:37.919304,189.59,度
2026-09-29T14:38:41.659888,187.92,度
2026-09-29T21:48:38.023892,187.92,度
2026-09-30T06:53:30.160816,186.8,度
2026-09-30T14:21:24.489524,185.03,度
2026-09-30T21:25:08.506160,185.03,度
2026-10-01T06:51:53.159579,183.85,度
2026-10-01T15:04:25.865993,182.43,度
2026-10-01T22:16:57.582694,182.43,度
2026-10-02T07:03:17.931417,181.43,度
2026-10-02T14:47:05.104101,180.29,度
2026-10-02T21:39:20.994483,180.29,度
2026-10-03T06:52:02.716881,178.86,度
2026-10-03T14:06:36.414513,177.21,度
2026-10-03T20:17:59.741543,177.21,度
2026-10-04T01:02:17.107905,175.85,度
2026-10-04T06:02:12.834585,175.85,度
2026-10-04T14:40:24.918836,174.74,度
2026-10-04T21:05:38.978210,174.74,度
2026-10-05T06:15:22.701246,174.06,度
2026-10-05T14:37:07.515401,172.97,度
2026-10-05T23:37:48.339439,172.0,度
2026-10-06T08:40:24.782754,172.0,度
2026-10-06T15:15:59.992513,170.89,度
2026-10-07T02:50:33.824363,169.71,度
2026-10-07T06:57:42.787711,169.71,度
2026-10-07T14:55:14.796640,168.68,度
2026-10-07T22:17:27.081390,168.68,度
2026-10-08T07:30:17.091231,167.88,度
2026-10-08T15:03:54.770823,166.89,度
2026-10-09T03:11:44.586448,166.03,度
2026-10-09T15:12:17.427986,165.0,度
2026-10-10T02:42:56.603714,162.76,度
